,name,region,country,lat,lon,tz_id,sunrise,sunset,moonrise,moonset,moon_phase,moon_illumination
2022-10-17,Ho Chi Minh City,,Vietnam,10.75,106.67,Asia/Ho_Chi_Minh,05:43 AM,05:35 PM,11:35 PM,11:54 AM,Last Quarter,57
2022-10-18,Ho Chi Minh City,,Vietnam,10.75,106.67,Asia/Ho_Chi_Minh,05:43 AM,05:35 PM,No moonrise,12:42 PM,Waning Crescent,47
2022-10-19,Ho Chi Minh City,,Vietnam,10.75,106.67,Asia/Ho_Chi_Minh,05:43 AM,05:34 PM,12:26 AM,01:27 PM,Waning Crescent,38
2022-10-20,Ho Chi Minh City,,Vietnam,10.75,106.67,Asia/Ho_Chi_Minh,05:43 AM,05:34 PM,01:17 AM,02:09 PM,Waning Crescent,29
2022-10-21,Ho Chi Minh City,,Vietnam,10.75,106.67,Asia/Ho_Chi_Minh,05:43 AM,05:33 PM,02:06 AM,02:50 PM,Waning Crescent,20
2022-10-22,Ho Chi Minh City,,Vietnam,10.75,106.67,Asia/Ho_Chi_Minh,05:43 AM,05:33 PM,02:54 AM,03:29 PM,Waning Crescent,13
2022-10-23,Ho Chi Minh City,,Vietnam,10.75,106.67,Asia/Ho_Chi_Minh,05:43 AM,05:33 PM,03:42 AM,04:07 PM,Waning Crescent,7
2022-10-24,Ho Chi Minh City,,Vietnam,10.75,106.67,Asia/Ho_Chi_Minh,05:43 AM,05:32 PM,04:31 AM,04:47 PM,Waning Crescent,3
2022-10-25,Ho Chi Minh City,,Vietnam,10.75,106.67,Asia/Ho_Chi_Minh,05:44 AM,05:32 PM,05:22 AM,05:29 PM,New Moon,0
2022-10-26,Ho Chi Minh City,,Vietnam,10.75,106.67,Asia/Ho_Chi_Minh,05:44 AM,05:31 PM,06:15 AM,06:14 PM,Waxing Crescent,0
2022-10-27,Ho Chi Minh City,,Vietnam,10.75,106.67,Asia/Ho_Chi_Minh,05:44 AM,05:31 PM,07:12 AM,07:05 PM,Waxing Crescent,3
2022-10-28,Ho Chi Minh City,,Vietnam,10.75,106.67,Asia/Ho_Chi_Minh,05:44 AM,05:31 PM,08:13 AM,08:00 PM,Waxing Crescent,8
2022-10-29,Ho Chi Minh City,,Vietnam,10.75,106.67,Asia/Ho_Chi_Minh,05:44 AM,05:30 PM,09:17 AM,09:01 PM,Waxing Crescent,16
2022-10-30,Ho Chi Minh City,,Vietnam,10.75,106.67,Asia/Ho_Chi_Minh,05:44 AM,05:30 PM,10:20 AM,10:04 PM,Waxing Crescent,25
2022-10-31,Ho Chi Minh City,,Vietnam,10.75,106.67,Asia/Ho_Chi_Minh,05:45 AM,05:30 PM,11:22 AM,11:07 PM,Waxing Crescent,36
2022-11-01,Ho Chi Minh City,,Vietnam,10.75,106.67,Asia/Ho_Chi_Minh,05:45 AM,05:29 PM,12:18 PM,No moonset,First Quarter,47
2022-11-02,Ho Chi Minh City,,Vietnam,10.75,106.67,Asia/Ho_Chi_Minh,05:45 AM,05:29 PM,01:10 PM,12:08 AM,Waxing Gibbous,58
2022-11-03,Ho Chi Minh City,,Vietnam,10.75,106.67,Asia/Ho_Chi_Minh,05:45 AM,05:29 PM,01:57 PM,01:06 AM,Waxing Gibbous,69
2022-11-04,Ho Chi Minh City,,Vietnam,10.75,106.67,Asia/Ho_Chi_Minh,05:46 AM,05:29 PM,02:39 PM,02:01 AM,Waxing Gibbous,79
2022-11-05,Ho Chi Minh City,,Vietnam,10.75,106.67,Asia/Ho_Chi_Minh,05:46 AM,05:28 PM,03:21 PM,02:52 AM,Waxing Gibbous,87
2022-11-06,Ho Chi Minh City,,Vietnam,10.75,106.67,Asia/Ho_Chi_Minh,05:46 AM,05:28 PM,04:01 PM,03:43 AM,Waxing Gibbous,93
2022-11-07,Ho Chi Minh City,,Vietnam,10.75,106.67,Asia/Ho_Chi_Minh,05:46 AM,05:28 PM,04:41 PM,04:33 AM,Waxing Gibbous,98
2022-11-08,Ho Chi Minh City,,Vietnam,10.75,106.67,Asia/Ho_Chi_Minh,05:47 AM,05:28 PM,05:23 PM,05:24 AM,Full Moon,100
2022-11-09,Ho Chi Minh City,,Vietnam,10.75,106.67,Asia/Ho_Chi_Minh,05:47 AM,05:28 PM,06:07 PM,06:15 AM,Waning Gibbous,100
2022-11-10,Ho Chi Minh City,,Vietnam,10.75,106.67,Asia/Ho_Chi_Minh,05:47 AM,05:28 PM,06:54 PM,07:07 AM,Waning Gibbous,98
2022-11-11,Ho Chi Minh City,,Vietnam,10.75,106.67,Asia/Ho_Chi_Minh,05:48 AM,05:27 PM,07:43 PM,08:01 AM,Waning Gibbous,94
2022-11-12,Ho Chi Minh City,,Vietnam,10.75,106.67,Asia/Ho_Chi_Minh,05:48 AM,05:27 PM,08:34 PM,08:54 AM,Waning Gibbous,88
2022-11-13,Ho Chi Minh City,,Vietnam,10.75,106.67,Asia/Ho_Chi_Minh,05:48 AM,05:27 PM,09:26 PM,09:46 AM,Waning Gibbous,81
2022-11-14,Ho Chi Minh City,,Vietnam,10.75,106.67,Asia/Ho_Chi_Minh,05:49 AM,05:27 PM,10:17 PM,10:34 AM,Waning Gibbous,73
2022-11-15,Ho Chi Minh City,,Vietnam,10.75,106.67,Asia/Ho_Chi_Minh,05:49 AM,05:27 PM,11:08 PM,11:21 AM,Waning Gibbous,65
2022-11-16,Ho Chi Minh City,,Vietnam,10.75,106.67,Asia/Ho_Chi_Minh,05:49 AM,05:27 PM,11:57 PM,12:04 PM,Last Quarter,55
2022-11-17,Ho Chi Minh City,,Vietnam,10.75,106.67,Asia/Ho_Chi_Minh,05:50 AM,05:27 PM,No moonrise,12:44 PM,Waning Crescent,46
2022-11-18,Ho Chi Minh City,,Vietnam,10.75,106.67,Asia/Ho_Chi_Minh,05:50 AM,05:27 PM,12:45 AM,01:23 PM,Waning Crescent,36
2022-11-19,Ho Chi Minh City,,Vietnam,10.75,106.67,Asia/Ho_Chi_Minh,05:51 AM,05:27 PM,01:32 AM,02:01 PM,Waning Crescent,27
2022-11-20,Ho Chi Minh City,,Vietnam,10.75,106.67,Asia/Ho_Chi_Minh,05:51 AM,05:27 PM,02:19 AM,02:39 PM,Waning Crescent,18
2022-11-21,Ho Chi Minh City,,Vietnam,10.75,106.67,Asia/Ho_Chi_Minh,05:51 AM,05:27 PM,03:09 AM,03:20 PM,Waning Crescent,11
2022-11-22,Ho Chi Minh City,,Vietnam,10.75,106.67,Asia/Ho_Chi_Minh,05:52 AM,05:27 PM,04:00 AM,04:04 PM,Waning Crescent,5
2022-11-23,Ho Chi Minh City,,Vietnam,10.75,106.67,Asia/Ho_Chi_Minh,05:52 AM,05:27 PM,04:56 AM,04:52 PM,New Moon,1
2022-11-24,Ho Chi Minh City,,Vietnam,10.75,106.67,Asia/Ho_Chi_Minh,05:53 AM,05:28 PM,05:57 AM,05:47 PM,Waxing Crescent,0
2022-11-25,Ho Chi Minh City,,Vietnam,10.75,106.67,Asia/Ho_Chi_Minh,05:53 AM,05:28 PM,07:01 AM,06:47 PM,Waxing Crescent,2
2022-11-26,Ho Chi Minh City,,Vietnam,10.75,106.67,Asia/Ho_Chi_Minh,05:54 AM,05:28 PM,08:07 AM,07:52 PM,Waxing Crescent,6
2022-11-27,Ho Chi Minh City,,Vietnam,10.75,106.67,Asia/Ho_Chi_Minh,05:54 AM,05:28 PM,09:12 AM,08:57 PM,Waxing Crescent,13
2022-11-28,Ho Chi Minh City,,Vietnam,10.75,106.67,Asia/Ho_Chi_Minh,05:55 AM,05:28 PM,10:12 AM,10:01 PM,Waxing Crescent,22
2022-11-29,Ho Chi Minh City,,Vietnam,10.75,106.67,Asia/Ho_Chi_Minh,05:55 AM,05:28 PM,11:07 AM,11:02 PM,Waxing Crescent,32
2022-11-30,Ho Chi Minh City,,Vietnam,10.75,106.67,Asia/Ho_Chi_Minh,05:55 AM,05:29 PM,11:56 AM,11:57 PM,First Quarter,43
2022-12-01,Ho Chi Minh City,,Vietnam,10.75,106.67,Asia/Ho_Chi_Minh,05:56 AM,05:29 PM,12:39 PM,No moonset,Waxing Gibbous,54
2022-12-02,Ho Chi Minh City,,Vietnam,10.75,106.67,Asia/Ho_Chi_Minh,05:56 AM,05:29 PM,01:21 PM,12:50 AM,Waxing Gibbous,65
2022-12-03,Ho Chi Minh City,,Vietnam,10.75,106.67,Asia/Ho_Chi_Minh,05:57 AM,05:29 PM,02:00 PM,01:40 AM,Waxing Gibbous,75
2022-12-04,Ho Chi Minh City,,Vietnam,10.75,106.67,Asia/Ho_Chi_Minh,05:57 AM,05:30 PM,02:40 PM,02:29 AM,Waxing Gibbous,83
2022-12-05,Ho Chi Minh City,,Vietnam,10.75,106.67,Asia/Ho_Chi_Minh,05:58 AM,05:30 PM,03:20 PM,03:18 AM,Waxing Gibbous,90
2022-12-06,Ho Chi Minh City,,Vietnam,10.75,106.67,Asia/Ho_Chi_Minh,05:59 AM,05:30 PM,04:03 PM,04:08 AM,Waxing Gibbous,95
2022-12-07,Ho Chi Minh City,,Vietnam,10.75,106.67,Asia/Ho_Chi_Minh,05:59 AM,05:31 PM,04:48 PM,05:00 AM,Waxing Gibbous,99
2022-12-08,Ho Chi Minh City,,Vietnam,10.75,106.67,Asia/Ho_Chi_Minh,06:00 AM,05:31 PM,05:36 PM,05:53 AM,Full Moon,100
2022-12-09,Ho Chi Minh City,,Vietnam,10.75,106.67,Asia/Ho_Chi_Minh,06:00 AM,05:31 PM,06:26 PM,06:46 AM,Waning Gibbous,99
2022-12-10,Ho Chi Minh City,,Vietnam,10.75,106.67,Asia/Ho_Chi_Minh,06:01 AM,05:32 PM,07:19 PM,07:38 AM,Waning Gibbous,97
2022-12-11,Ho Chi Minh City,,Vietnam,10.75,106.67,Asia/Ho_Chi_Minh,06:01 AM,05:32 PM,08:10 PM,08:28 AM,Waning Gibbous,93
2022-12-12,Ho Chi Minh City,,Vietnam,10.75,106.67,Asia/Ho_Chi_Minh,06:02 AM,05:32 PM,09:01 PM,09:16 AM,Waning Gibbous,87
2022-12-13,Ho Chi Minh City,,Vietnam,10.75,106.67,Asia/Ho_Chi_Minh,06:02 AM,05:33 PM,09:51 PM,10:00 AM,Waning Gibbous,80
2022-12-14,Ho Chi Minh City,,Vietnam,10.75,106.67,Asia/Ho_Chi_Minh,06:03 AM,05:33 PM,10:38 PM,10:41 AM,Waning Gibbous,72
2022-12-15,Ho Chi Minh City,,Vietnam,10.75,106.67,Asia/Ho_Chi_Minh,06:03 AM,05:34 PM,11:25 PM,11:20 AM,Waning Gibbous,63
2022-12-16,Ho Chi Minh City,,Vietnam,10.75,106.67,Asia/Ho_Chi_Minh,06:04 AM,05:34 PM,No moonrise,11:57 AM,Last Quarter,54
2022-12-17,Ho Chi Minh City,,Vietnam,10.75,106.67,Asia/Ho_Chi_Minh,06:04 AM,05:35 PM,12:10 AM,12:34 PM,Waning Crescent,44
2022-12-18,Ho Chi Minh City,,Vietnam,10.75,106.67,Asia/Ho_Chi_Minh,06:05 AM,05:35 PM,12:57 AM,01:12 PM,Waning Crescent,34
2022-12-19,Ho Chi Minh City,,Vietnam,10.75,106.67,Asia/Ho_Chi_Minh,06:05 AM,05:36 PM,01:46 AM,01:53 PM,Waning Crescent,24
2022-12-20,Ho Chi Minh City,,Vietnam,10.75,106.67,Asia/Ho_Chi_Minh,06:06 AM,05:36 PM,02:38 AM,02:38 PM,Waning Crescent,16
2022-12-21,Ho Chi Minh City,,Vietnam,10.75,106.67,Asia/Ho_Chi_Minh,06:06 AM,05:36 PM,03:36 AM,03:29 PM,Waning Crescent,8
2022-12-22,Ho Chi Minh City,,Vietnam,10.75,106.67,Asia/Ho_Chi_Minh,06:07 AM,05:37 PM,04:38 AM,04:26 PM,Waning Crescent,3
2022-12-23,Ho Chi Minh City,,Vietnam,10.75,106.67,Asia/Ho_Chi_Minh,06:07 AM,05:37 PM,05:45 AM,05:30 PM,New Moon,0
2022-12-24,Ho Chi Minh City,,Vietnam,10.75,106.67,Asia/Ho_Chi_Minh,06:08 AM,05:38 PM,06:52 AM,06:37 PM,Waxing Crescent,1
2022-12-25,Ho Chi Minh City,,Vietnam,10.75,106.67,Asia/Ho_Chi_Minh,06:08 AM,05:39 PM,07:57 AM,07:45 PM,Waxing Crescent,4
2022-12-26,Ho Chi Minh City,,Vietnam,10.75,106.67,Asia/Ho_Chi_Minh,06:09 AM,05:39 PM,08:56 AM,08:49 PM,Waxing Crescent,10
2022-12-27,Ho Chi Minh City,,Vietnam,10.75,106.67,Asia/Ho_Chi_Minh,06:09 AM,05:40 PM,09:49 AM,09:50 PM,Waxing Crescent,18
2022-12-28,Ho Chi Minh City,,Vietnam,10.75,106.67,Asia/Ho_Chi_Minh,06:10 AM,05:40 PM,10:36 AM,10:45 PM,Waxing Crescent,28
2022-12-29,Ho Chi Minh City,,Vietnam,10.75,106.67,Asia/Ho_Chi_Minh,06:10 AM,05:41 PM,11:20 AM,11:37 PM,First Quarter,39
2022-12-30,Ho Chi Minh City,,Vietnam,10.75,106.67,Asia/Ho_Chi_Minh,06:10 AM,05:41 PM,12:00 PM,No moonset,First Quarter,49
2022-12-31,Ho Chi Minh City,,Vietnam,10.75,106.67,Asia/Ho_Chi_Minh,06:11 AM,05:42 PM,12:40 PM,12:26 AM,Waxing Gibbous,60
2023-01-01,Ho Chi Minh City,,Vietnam,10.75,106.67,Asia/Ho_Chi_Minh,06:11 AM,05:42 PM,01:20 PM,01:16 AM,Waxing Gibbous,70
2023-01-02,Ho Chi Minh City,,Vietnam,10.75,106.67,Asia/Ho_Chi_Minh,06:12 AM,05:43 PM,02:02 PM,02:05 AM,Waxing Gibbous,79
2023-01-03,Ho Chi Minh City,,Vietnam,10.75,106.67,Asia/Ho_Chi_Minh,06:12 AM,05:43 PM,02:45 PM,02:56 AM,Waxing Gibbous,86
2023-01-04,Ho Chi Minh City,,Vietnam,10.75,106.67,Asia/Ho_Chi_Minh,06:12 AM,05:44 PM,03:33 PM,03:48 AM,Waxing Gibbous,92
2023-01-05,Ho Chi Minh City,,Vietnam,10.75,106.67,Asia/Ho_Chi_Minh,06:13 AM,05:44 PM,04:21 PM,04:40 AM,Waxing Gibbous,96
2023-01-06,Ho Chi Minh City,,Vietnam,10.75,106.67,Asia/Ho_Chi_Minh,06:13 AM,05:45 PM,05:13 PM,05:33 AM,Full Moon,99
2023-01-07,Ho Chi Minh City,,Vietnam,10.75,106.67,Asia/Ho_Chi_Minh,06:13 AM,05:45 PM,06:05 PM,06:23 AM,Waning Gibbous,100
2023-01-08,Ho Chi Minh City,,Vietnam,10.75,106.67,Asia/Ho_Chi_Minh,06:14 AM,05:46 PM,06:56 PM,07:12 AM,Waning Gibbous,99
2023-01-09,Ho Chi Minh City,,Vietnam,10.75,106.67,Asia/Ho_Chi_Minh,06:14 AM,05:47 PM,07:46 PM,07:57 AM,Waning Gibbous,96
2023-01-10,Ho Chi Minh City,,Vietnam,10.75,106.67,Asia/Ho_Chi_Minh,06:14 AM,05:47 PM,08:34 PM,08:39 AM,Waning Gibbous,92
2023-01-11,Ho Chi Minh City,,Vietnam,10.75,106.67,Asia/Ho_Chi_Minh,06:15 AM,05:48 PM,09:21 PM,09:18 AM,Waning Gibbous,86
2023-01-12,Ho Chi Minh City,,Vietnam,10.75,106.67,Asia/Ho_Chi_Minh,06:15 AM,05:48 PM,10:06 PM,09:56 AM,Waning Gibbous,79
2023-01-13,Ho Chi Minh City,,Vietnam,10.75,106.67,Asia/Ho_Chi_Minh,06:15 AM,05:49 PM,10:51 PM,10:31 AM,Waning Gibbous,70
2023-01-14,Ho Chi Minh City,,Vietnam,10.75,106.67,Asia/Ho_Chi_Minh,06:15 AM,05:49 PM,11:38 PM,11:08 AM,Waning Gibbous,61
2023-01-15,Ho Chi Minh City,,Vietnam,10.75,106.67,Asia/Ho_Chi_Minh,06:16 AM,05:50 PM,No moonrise,11:47 AM,Last Quarter,51
2023-01-16,Ho Chi Minh City,,Vietnam,10.75,106.67,Asia/Ho_Chi_Minh,06:16 AM,05:50 PM,12:27 AM,12:28 PM,Waning Crescent,41
2023-01-17,Ho Chi Minh City,,Vietnam,10.75,106.67,Asia/Ho_Chi_Minh,06:16 AM,05:51 PM,01:20 AM,01:15 PM,Waning Crescent,30
2023-01-18,Ho Chi Minh City,,Vietnam,10.75,106.67,Asia/Ho_Chi_Minh,06:16 AM,05:51 PM,02:18 AM,02:07 PM,Waning Crescent,21
2023-01-19,Ho Chi Minh City,,Vietnam,10.75,106.67,Asia/Ho_Chi_Minh,06:16 AM,05:52 PM,03:21 AM,03:07 PM,Waning Crescent,12
2023-01-20,Ho Chi Minh City,,Vietnam,10.75,106.67,Asia/Ho_Chi_Minh,06:16 AM,05:52 PM,04:27 AM,04:12 PM,Waning Crescent,5
2023-01-21,Ho Chi Minh City,,Vietnam,10.75,106.67,Asia/Ho_Chi_Minh,06:16 AM,05:53 PM,05:34 AM,05:20 PM,New Moon,1
2023-01-22,Ho Chi Minh City,,Vietnam,10.75,106.67,Asia/Ho_Chi_Minh,06:17 AM,05:53 PM,06:36 AM,06:28 PM,Waxing Crescent,0
2023-01-23,Ho Chi Minh City,,Vietnam,10.75,106.67,Asia/Ho_Chi_Minh,06:17 AM,05:53 PM,07:34 AM,07:32 PM,Waxing Crescent,2
2023-01-24,Ho Chi Minh City,,Vietnam,10.75,106.67,Asia/Ho_Chi_Minh,06:17 AM,05:54 PM,08:25 AM,08:31 PM,Waxing Crescent,7
2023-01-25,Ho Chi Minh City,,Vietnam,10.75,106.67,Asia/Ho_Chi_Minh,06:17 AM,05:54 PM,09:13 AM,09:27 PM,Waxing Crescent,14
2023-01-26,Ho Chi Minh City,,Vietnam,10.75,106.67,Asia/Ho_Chi_Minh,06:17 AM,05:55 PM,09:56 AM,10:19 PM,Waxing Crescent,23
2023-01-27,Ho Chi Minh City,,Vietnam,10.75,106.67,Asia/Ho_Chi_Minh,06:17 AM,05:55 PM,10:37 AM,11:11 PM,Waxing Crescent,33
2023-01-28,Ho Chi Minh City,,Vietnam,10.75,106.67,Asia/Ho_Chi_Minh,06:17 AM,05:56 PM,11:18 AM,No moonset,First Quarter,43
2023-01-29,Ho Chi Minh City,,Vietnam,10.75,106.67,Asia/Ho_Chi_Minh,06:17 AM,05:56 PM,12:00 PM,12:01 AM,Waxing Gibbous,54
2023-01-30,Ho Chi Minh City,,Vietnam,10.75,106.67,Asia/Ho_Chi_Minh,06:17 AM,05:56 PM,12:43 PM,12:52 AM,Waxing Gibbous,64
2023-01-31,Ho Chi Minh City,,Vietnam,10.75,106.67,Asia/Ho_Chi_Minh,06:17 AM,05:57 PM,01:30 PM,01:44 AM,Waxing Gibbous,73
2023-02-01,Ho Chi Minh City,,Vietnam,10.75,106.67,Asia/Ho_Chi_Minh,06:17 AM,05:57 PM,02:18 PM,02:36 AM,Waxing Gibbous,81
2023-02-02,Ho Chi Minh City,,Vietnam,10.75,106.67,Asia/Ho_Chi_Minh,06:16 AM,05:57 PM,03:09 PM,03:29 AM,Waxing Gibbous,88
2023-02-03,Ho Chi Minh City,,Vietnam,10.75,106.67,Asia/Ho_Chi_Minh,06:16 AM,05:58 PM,04:00 PM,04:20 AM,Waxing Gibbous,93
2023-02-04,Ho Chi Minh City,,Vietnam,10.75,106.67,Asia/Ho_Chi_Minh,06:16 AM,05:58 PM,04:52 PM,05:09 AM,Waxing Gibbous,97
2023-02-05,Ho Chi Minh City,,Vietnam,10.75,106.67,Asia/Ho_Chi_Minh,06:16 AM,05:58 PM,05:43 PM,05:55 AM,Full Moon,99
2023-02-06,Ho Chi Minh City,,Vietnam,10.75,106.67,Asia/Ho_Chi_Minh,06:16 AM,05:59 PM,06:31 PM,06:38 AM,Waning Gibbous,100
2023-02-07,Ho Chi Minh City,,Vietnam,10.75,106.67,Asia/Ho_Chi_Minh,06:16 AM,05:59 PM,07:18 PM,07:18 AM,Waning Gibbous,98
2023-02-08,Ho Chi Minh City,,Vietnam,10.75,106.67,Asia/Ho_Chi_Minh,06:16 AM,05:59 PM,08:04 PM,07:56 AM,Waning Gibbous,95
2023-02-09,Ho Chi Minh City,,Vietnam,10.75,106.67,Asia/Ho_Chi_Minh,06:15 AM,06:00 PM,08:49 PM,08:32 AM,Waning Gibbous,91
2023-02-10,Ho Chi Minh City,,Vietnam,10.75,106.67,Asia/Ho_Chi_Minh,06:15 AM,06:00 PM,09:35 PM,09:09 AM,Waning Gibbous,84
2023-02-11,Ho Chi Minh City,,Vietnam,10.75,106.67,Asia/Ho_Chi_Minh,06:15 AM,06:00 PM,10:22 PM,09:46 AM,Waning Gibbous,76
2023-02-12,Ho Chi Minh City,,Vietnam,10.75,106.67,Asia/Ho_Chi_Minh,06:15 AM,06:00 PM,11:12 PM,10:25 AM,Waning Gibbous,67
2023-02-13,Ho Chi Minh City,,Vietnam,10.75,106.67,Asia/Ho_Chi_Minh,06:14 AM,06:01 PM,No moonrise,11:08 AM,Last Quarter,57
2023-02-14,Ho Chi Minh City,,Vietnam,10.75,106.67,Asia/Ho_Chi_Minh,06:14 AM,06:01 PM,12:06 AM,11:56 AM,Waning Crescent,46
2023-02-15,Ho Chi Minh City,,Vietnam,10.75,106.67,Asia/Ho_Chi_Minh,06:14 AM,06:01 PM,01:05 AM,12:50 PM,Waning Crescent,36
2023-02-16,Ho Chi Minh City,,Vietnam,10.75,106.67,Asia/Ho_Chi_Minh,06:13 AM,06:01 PM,02:07 AM,01:51 PM,Waning Crescent,25
2023-02-17,Ho Chi Minh City,,Vietnam,10.75,106.67,Asia/Ho_Chi_Minh,06:13 AM,06:02 PM,03:12 AM,02:56 PM,Waning Crescent,16
2023-02-18,Ho Chi Minh City,,Vietnam,10.75,106.67,Asia/Ho_Chi_Minh,06:13 AM,06:02 PM,04:16 AM,04:03 PM,Waning Crescent,8
2023-02-19,Ho Chi Minh City,,Vietnam,10.75,106.67,Asia/Ho_Chi_Minh,06:12 AM,06:02 PM,05:16 AM,05:09 PM,Waning Crescent,3
2023-02-20,Ho Chi Minh City,,Vietnam,10.75,106.67,Asia/Ho_Chi_Minh,06:12 AM,06:02 PM,06:10 AM,06:11 PM,New Moon,0
2023-02-21,Ho Chi Minh City,,Vietnam,10.75,106.67,Asia/Ho_Chi_Minh,06:12 AM,06:02 PM,06:59 AM,07:10 PM,Waxing Crescent,1
2023-02-22,Ho Chi Minh City,,Vietnam,10.75,106.67,Asia/Ho_Chi_Minh,06:11 AM,06:02 PM,07:45 AM,08:05 PM,Waxing Crescent,4
2023-02-23,Ho Chi Minh City,,Vietnam,10.75,106.67,Asia/Ho_Chi_Minh,06:11 AM,06:03 PM,08:28 AM,08:59 PM,Waxing Crescent,10
2023-02-24,Ho Chi Minh City,,Vietnam,10.75,106.67,Asia/Ho_Chi_Minh,06:10 AM,06:03 PM,09:11 AM,09:51 PM,Waxing Crescent,18
2023-02-25,Ho Chi Minh City,,Vietnam,10.75,106.67,Asia/Ho_Chi_Minh,06:10 AM,06:03 PM,09:54 AM,10:44 PM,Waxing Crescent,27
2023-02-26,Ho Chi Minh City,,Vietnam,10.75,106.67,Asia/Ho_Chi_Minh,06:10 AM,06:03 PM,10:38 AM,11:37 PM,Waxing Crescent,37
2023-02-27,Ho Chi Minh City,,Vietnam,10.75,106.67,Asia/Ho_Chi_Minh,06:09 AM,06:03 PM,11:25 AM,No moonset,First Quarter,47
2023-02-28,Ho Chi Minh City,,Vietnam,10.75,106.67,Asia/Ho_Chi_Minh,06:09 AM,06:03 PM,12:13 PM,12:30 AM,Waxing Gibbous,56
2023-03-01,Ho Chi Minh City,,Vietnam,10.75,106.67,Asia/Ho_Chi_Minh,06:08 AM,06:03 PM,01:03 PM,01:23 AM,Waxing Gibbous,66
2023-03-02,Ho Chi Minh City,,Vietnam,10.75,106.67,Asia/Ho_Chi_Minh,06:08 AM,06:03 PM,01:55 PM,02:15 AM,Waxing Gibbous,75
2023-03-03,Ho Chi Minh City,,Vietnam,10.75,106.67,Asia/Ho_Chi_Minh,06:07 AM,06:03 PM,02:47 PM,03:05 AM,Waxing Gibbous,82
2023-03-04,Ho Chi Minh City,,Vietnam,10.75,106.67,Asia/Ho_Chi_Minh,06:07 AM,06:04 PM,03:38 PM,03:52 AM,Waxing Gibbous,89
2023-03-05,Ho Chi Minh City,,Vietnam,10.75,106.67,Asia/Ho_Chi_Minh,06:06 AM,06:04 PM,04:27 PM,04:36 AM,Waxing Gibbous,94
2023-03-06,Ho Chi Minh City,,Vietnam,10.75,106.67,Asia/Ho_Chi_Minh,06:06 AM,06:04 PM,05:15 PM,05:17 AM,Waxing Gibbous,98
2023-03-07,Ho Chi Minh City,,Vietnam,10.75,106.67,Asia/Ho_Chi_Minh,06:05 AM,06:04 PM,06:01 PM,05:56 AM,Full Moon,100
2023-03-08,Ho Chi Minh City,,Vietnam,10.75,106.67,Asia/Ho_Chi_Minh,06:05 AM,06:04 PM,06:47 PM,06:33 AM,Waning Gibbous,100
2023-03-09,Ho Chi Minh City,,Vietnam,10.75,106.67,Asia/Ho_Chi_Minh,06:04 AM,06:04 PM,07:33 PM,07:09 AM,Waning Gibbous,98
2023-03-10,Ho Chi Minh City,,Vietnam,10.75,106.67,Asia/Ho_Chi_Minh,06:04 AM,06:04 PM,08:20 PM,07:46 AM,Waning Gibbous,94
2023-03-11,Ho Chi Minh City,,Vietnam,10.75,106.67,Asia/Ho_Chi_Minh,06:03 AM,06:04 PM,09:09 PM,08:25 AM,Waning Gibbous,88
2023-03-12,Ho Chi Minh City,,Vietnam,10.75,106.67,Asia/Ho_Chi_Minh,06:03 AM,06:04 PM,10:02 PM,09:07 AM,Waning Gibbous,81
2023-03-13,Ho Chi Minh City,,Vietnam,10.75,106.67,Asia/Ho_Chi_Minh,06:02 AM,06:04 PM,10:58 PM,09:53 AM,Waning Gibbous,72
2023-03-14,Ho Chi Minh City,,Vietnam,10.75,106.67,Asia/Ho_Chi_Minh,06:01 AM,06:04 PM,11:58 PM,10:44 AM,Waning Gibbous,62
2023-03-15,Ho Chi Minh City,,Vietnam,10.75,106.67,Asia/Ho_Chi_Minh,06:01 AM,06:04 PM,No moonrise,11:41 AM,Last Quarter,51
2023-03-16,Ho Chi Minh City,,Vietnam,10.75,106.67,Asia/Ho_Chi_Minh,06:00 AM,06:04 PM,01:00 AM,12:42 PM,Waning Crescent,40
2023-03-17,Ho Chi Minh City,,Vietnam,10.75,106.67,Asia/Ho_Chi_Minh,06:00 AM,06:04 PM,02:02 AM,01:47 PM,Waning Crescent,29
2023-03-18,Ho Chi Minh City,,Vietnam,10.75,106.67,Asia/Ho_Chi_Minh,05:59 AM,06:04 PM,03:01 AM,02:50 PM,Waning Crescent,19
2023-03-19,Ho Chi Minh City,,Vietnam,10.75,106.67,Asia/Ho_Chi_Minh,05:59 AM,06:04 PM,03:56 AM,03:53 PM,Waning Crescent,10
2023-03-20,Ho Chi Minh City,,Vietnam,10.75,106.67,Asia/Ho_Chi_Minh,05:58 AM,06:04 PM,04:47 AM,04:52 PM,Waning Crescent,4
2023-03-21,Ho Chi Minh City,,Vietnam,10.75,106.67,Asia/Ho_Chi_Minh,05:57 AM,06:04 PM,05:34 AM,05:48 PM,New Moon,1
2023-03-22,Ho Chi Minh City,,Vietnam,10.75,106.67,Asia/Ho_Chi_Minh,05:57 AM,06:04 PM,06:18 AM,06:43 PM,Waxing Crescent,0
2023-03-23,Ho Chi Minh City,,Vietnam,10.75,106.67,Asia/Ho_Chi_Minh,05:56 AM,06:04 PM,07:01 AM,07:37 PM,Waxing Crescent,2
2023-03-24,Ho Chi Minh City,,Vietnam,10.75,106.67,Asia/Ho_Chi_Minh,05:56 AM,06:04 PM,07:44 AM,08:30 PM,Waxing Crescent,7
2023-03-25,Ho Chi Minh City,,Vietnam,10.75,106.67,Asia/Ho_Chi_Minh,05:55 AM,06:04 PM,08:29 AM,09:25 PM,Waxing Crescent,13
2023-03-26,Ho Chi Minh City,,Vietnam,10.75,106.67,Asia/Ho_Chi_Minh,05:54 AM,06:04 PM,09:15 AM,10:19 PM,Waxing Crescent,21
2023-03-27,Ho Chi Minh City,,Vietnam,10.75,106.67,Asia/Ho_Chi_Minh,05:54 AM,06:04 PM,10:04 AM,11:14 PM,Waxing Crescent,30
2023-03-28,Ho Chi Minh City,,Vietnam,10.75,106.67,Asia/Ho_Chi_Minh,05:53 AM,06:04 PM,10:55 AM,No moonset,Waxing Crescent,39
2023-03-29,Ho Chi Minh City,,Vietnam,10.75,106.67,Asia/Ho_Chi_Minh,05:53 AM,06:04 PM,11:47 AM,12:07 AM,First Quarter,49
2023-03-30,Ho Chi Minh City,,Vietnam,10.75,106.67,Asia/Ho_Chi_Minh,05:52 AM,06:04 PM,12:39 PM,12:59 AM,Waxing Gibbous,58
2023-03-31,Ho Chi Minh City,,Vietnam,10.75,106.67,Asia/Ho_Chi_Minh,05:52 AM,06:04 PM,01:31 PM,01:48 AM,Waxing Gibbous,68
2023-04-01,Ho Chi Minh City,,Vietnam,10.75,106.67,Asia/Ho_Chi_Minh,05:51 AM,06:04 PM,02:21 PM,02:32 AM,Waxing Gibbous,76
2023-04-02,Ho Chi Minh City,,Vietnam,10.75,106.67,Asia/Ho_Chi_Minh,05:50 AM,06:04 PM,03:09 PM,03:15 AM,Waxing Gibbous,84
2023-04-03,Ho Chi Minh City,,Vietnam,10.75,106.67,Asia/Ho_Chi_Minh,05:50 AM,06:04 PM,03:56 PM,03:54 AM,Waxing Gibbous,90
2023-04-04,Ho Chi Minh City,,Vietnam,10.75,106.67,Asia/Ho_Chi_Minh,05:49 AM,06:04 PM,04:42 PM,04:31 AM,Waxing Gibbous,95
2023-04-05,Ho Chi Minh City,,Vietnam,10.75,106.67,Asia/Ho_Chi_Minh,05:49 AM,06:04 PM,05:28 PM,05:08 AM,Waxing Gibbous,98
2023-04-06,Ho Chi Minh City,,Vietnam,10.75,106.67,Asia/Ho_Chi_Minh,05:48 AM,06:04 PM,06:15 PM,05:45 AM,Full Moon,100
2023-04-07,Ho Chi Minh City,,Vietnam,10.75,106.67,Asia/Ho_Chi_Minh,05:47 AM,06:04 PM,07:05 PM,06:23 AM,Waning Gibbous,99
2023-04-08,Ho Chi Minh City,,Vietnam,10.75,106.67,Asia/Ho_Chi_Minh,05:47 AM,06:04 PM,07:57 PM,07:05 AM,Waning Gibbous,96
2023-04-09,Ho Chi Minh City,,Vietnam,10.75,106.67,Asia/Ho_Chi_Minh,05:46 AM,06:04 PM,08:53 PM,07:50 AM,Waning Gibbous,91
2023-04-10,Ho Chi Minh City,,Vietnam,10.75,106.67,Asia/Ho_Chi_Minh,05:46 AM,06:04 PM,09:53 PM,08:40 AM,Waning Gibbous,84
2023-04-11,Ho Chi Minh City,,Vietnam,10.75,106.67,Asia/Ho_Chi_Minh,05:45 AM,06:04 PM,10:54 PM,09:36 AM,Waning Gibbous,76
2023-04-12,Ho Chi Minh City,,Vietnam,10.75,106.67,Asia/Ho_Chi_Minh,05:45 AM,06:04 PM,11:56 PM,10:35 AM,Waning Gibbous,65
2023-04-13,Ho Chi Minh City,,Vietnam,10.75,106.67,Asia/Ho_Chi_Minh,05:44 AM,06:04 PM,No moonrise,11:38 AM,Last Quarter,54
2023-04-14,Ho Chi Minh City,,Vietnam,10.75,106.67,Asia/Ho_Chi_Minh,05:44 AM,06:04 PM,12:54 AM,12:41 PM,Waning Crescent,43
2023-04-15,Ho Chi Minh City,,Vietnam,10.75,106.67,Asia/Ho_Chi_Minh,05:43 AM,06:04 PM,01:49 AM,01:42 PM,Waning Crescent,32
2023-04-16,Ho Chi Minh City,,Vietnam,10.75,106.67,Asia/Ho_Chi_Minh,05:43 AM,06:04 PM,02:39 AM,02:40 PM,Waning Crescent,22
2023-04-17,Ho Chi Minh City,,Vietnam,10.75,106.67,Asia/Ho_Chi_Minh,05:42 AM,06:04 PM,03:26 AM,03:36 PM,Waning Crescent,13
2023-04-18,Ho Chi Minh City,,Vietnam,10.75,106.67,Asia/Ho_Chi_Minh,05:42 AM,06:04 PM,04:10 AM,04:29 PM,Waning Crescent,6
2023-04-19,Ho Chi Minh City,,Vietnam,10.75,106.67,Asia/Ho_Chi_Minh,05:41 AM,06:05 PM,04:52 AM,05:23 PM,Waning Crescent,2
2023-04-20,Ho Chi Minh City,,Vietnam,10.75,106.67,Asia/Ho_Chi_Minh,05:41 AM,06:05 PM,05:35 AM,06:16 PM,New Moon,0
2023-04-21,Ho Chi Minh City,,Vietnam,10.75,106.67,Asia/Ho_Chi_Minh,05:40 AM,06:05 PM,06:19 AM,07:10 PM,Waxing Crescent,1
2023-04-22,Ho Chi Minh City,,Vietnam,10.75,106.67,Asia/Ho_Chi_Minh,05:40 AM,06:05 PM,07:05 AM,08:05 PM,Waxing Crescent,4
2023-04-23,Ho Chi Minh City,,Vietnam,10.75,106.67,Asia/Ho_Chi_Minh,05:39 AM,06:05 PM,07:53 AM,09:01 PM,Waxing Crescent,9
2023-04-24,Ho Chi Minh City,,Vietnam,10.75,106.67,Asia/Ho_Chi_Minh,05:39 AM,06:05 PM,08:44 AM,09:57 PM,Waxing Crescent,16
2023-04-25,Ho Chi Minh City,,Vietnam,10.75,106.67,Asia/Ho_Chi_Minh,05:38 AM,06:05 PM,09:37 AM,10:50 PM,Waxing Crescent,24
2023-04-26,Ho Chi Minh City,,Vietnam,10.75,106.67,Asia/Ho_Chi_Minh,05:38 AM,06:05 PM,10:30 AM,11:41 PM,Waxing Crescent,32
2023-04-27,Ho Chi Minh City,,Vietnam,10.75,106.67,Asia/Ho_Chi_Minh,05:37 AM,06:05 PM,11:23 AM,No moonset,First Quarter,42
2023-04-28,Ho Chi Minh City,,Vietnam,10.75,106.67,Asia/Ho_Chi_Minh,05:37 AM,06:05 PM,12:13 PM,12:27 AM,Waxing Gibbous,51
2023-04-29,Ho Chi Minh City,,Vietnam,10.75,106.67,Asia/Ho_Chi_Minh,05:36 AM,06:05 PM,01:02 PM,01:10 AM,Waxing Gibbous,60
2023-04-30,Ho Chi Minh City,,Vietnam,10.75,106.67,Asia/Ho_Chi_Minh,05:36 AM,06:06 PM,01:49 PM,01:51 AM,Waxing Gibbous,70
2023-05-01,Ho Chi Minh City,,Vietnam,10.75,106.67,Asia/Ho_Chi_Minh,05:36 AM,06:06 PM,02:35 PM,02:28 AM,Waxing Gibbous,78
2023-05-02,Ho Chi Minh City,,Vietnam,10.75,106.67,Asia/Ho_Chi_Minh,05:35 AM,06:06 PM,03:21 PM,03:05 AM,Waxing Gibbous,86
2023-05-03,Ho Chi Minh City,,Vietnam,10.75,106.67,Asia/Ho_Chi_Minh,05:35 AM,06:06 PM,04:07 PM,03:42 AM,Waxing Gibbous,92
2023-05-04,Ho Chi Minh City,,Vietnam,10.75,106.67,Asia/Ho_Chi_Minh,05:35 AM,06:06 PM,04:56 PM,04:19 AM,Waxing Gibbous,97
2023-05-05,Ho Chi Minh City,,Vietnam,10.75,106.67,Asia/Ho_Chi_Minh,05:34 AM,06:06 PM,05:48 PM,05:00 AM,Full Moon,99
2023-05-06,Ho Chi Minh City,,Vietnam,10.75,106.67,Asia/Ho_Chi_Minh,05:34 AM,06:06 PM,06:44 PM,05:44 AM,Waning Gibbous,100
2023-05-07,Ho Chi Minh City,,Vietnam,10.75,106.67,Asia/Ho_Chi_Minh,05:34 AM,06:07 PM,07:44 PM,06:33 AM,Waning Gibbous,98
2023-05-08,Ho Chi Minh City,,Vietnam,10.75,106.67,Asia/Ho_Chi_Minh,05:33 AM,06:07 PM,08:46 PM,07:29 AM,Waning Gibbous,94
2023-05-09,Ho Chi Minh City,,Vietnam,10.75,106.67,Asia/Ho_Chi_Minh,05:33 AM,06:07 PM,09:49 PM,08:28 AM,Waning Gibbous,87
2023-05-10,Ho Chi Minh City,,Vietnam,10.75,106.67,Asia/Ho_Chi_Minh,05:33 AM,06:07 PM,10:50 PM,09:32 AM,Waning Gibbous,78
2023-05-11,Ho Chi Minh City,,Vietnam,10.75,106.67,Asia/Ho_Chi_Minh,05:33 AM,06:07 PM,11:46 PM,10:35 AM,Waning Gibbous,68
2023-05-12,Ho Chi Minh City,,Vietnam,10.75,106.67,Asia/Ho_Chi_Minh,05:32 AM,06:07 PM,No moonrise,11:37 AM,Last Quarter,57
2023-05-13,Ho Chi Minh City,,Vietnam,10.75,106.67,Asia/Ho_Chi_Minh,05:32 AM,06:08 PM,12:37 AM,12:35 PM,Waning Crescent,45
2023-05-14,Ho Chi Minh City,,Vietnam,10.75,106.67,Asia/Ho_Chi_Minh,05:32 AM,06:08 PM,01:24 AM,01:30 PM,Waning Crescent,34
2023-05-15,Ho Chi Minh City,,Vietnam,10.75,106.67,Asia/Ho_Chi_Minh,05:32 AM,06:08 PM,02:07 AM,02:23 PM,Waning Crescent,24
2023-05-16,Ho Chi Minh City,,Vietnam,10.75,106.67,Asia/Ho_Chi_Minh,05:31 AM,06:08 PM,02:49 AM,03:15 PM,Waning Crescent,15
2023-05-17,Ho Chi Minh City,,Vietnam,10.75,106.67,Asia/Ho_Chi_Minh,05:31 AM,06:08 PM,03:31 AM,04:06 PM,Waning Crescent,8
2023-05-18,Ho Chi Minh City,,Vietnam,10.75,106.67,Asia/Ho_Chi_Minh,05:31 AM,06:09 PM,04:13 AM,04:59 PM,Waning Crescent,3
2023-05-19,Ho Chi Minh City,,Vietnam,10.75,106.67,Asia/Ho_Chi_Minh,05:31 AM,06:09 PM,04:57 AM,05:54 PM,New Moon,1
2023-05-20,Ho Chi Minh City,,Vietnam,10.75,106.67,Asia/Ho_Chi_Minh,05:31 AM,06:09 PM,05:44 AM,06:49 PM,Waxing Crescent,0
2023-05-21,Ho Chi Minh City,,Vietnam,10.75,106.67,Asia/Ho_Chi_Minh,05:31 AM,06:09 PM,06:34 AM,07:45 PM,Waxing Crescent,2
2023-05-22,Ho Chi Minh City,,Vietnam,10.75,106.67,Asia/Ho_Chi_Minh,05:31 AM,06:10 PM,07:27 AM,08:39 PM,Waxing Crescent,6
2023-05-23,Ho Chi Minh City,,Vietnam,10.75,106.67,Asia/Ho_Chi_Minh,05:30 AM,06:10 PM,08:20 AM,09:32 PM,Waxing Crescent,11
2023-05-24,Ho Chi Minh City,,Vietnam,10.75,106.67,Asia/Ho_Chi_Minh,05:30 AM,06:10 PM,09:13 AM,10:20 PM,Waxing Crescent,18
2023-05-25,Ho Chi Minh City,,Vietnam,10.75,106.67,Asia/Ho_Chi_Minh,05:30 AM,06:10 PM,10:05 AM,11:05 PM,Waxing Crescent,26
2023-05-26,Ho Chi Minh City,,Vietnam,10.75,106.67,Asia/Ho_Chi_Minh,05:30 AM,06:11 PM,10:55 AM,11:47 PM,Waxing Crescent,35
2023-05-27,Ho Chi Minh City,,Vietnam,10.75,106.67,Asia/Ho_Chi_Minh,05:30 AM,06:11 PM,11:42 AM,No moonset,First Quarter,44
2023-05-28,Ho Chi Minh City,,Vietnam,10.75,106.67,Asia/Ho_Chi_Minh,05:30 AM,06:11 PM,12:28 PM,12:25 AM,Waxing Gibbous,53
2023-05-29,Ho Chi Minh City,,Vietnam,10.75,106.67,Asia/Ho_Chi_Minh,05:30 AM,06:11 PM,01:13 PM,01:01 AM,Waxing Gibbous,63
2023-05-30,Ho Chi Minh City,,Vietnam,10.75,106.67,Asia/Ho_Chi_Minh,05:30 AM,06:12 PM,01:59 PM,01:38 AM,Waxing Gibbous,72
2023-05-31,Ho Chi Minh City,,Vietnam,10.75,106.67,Asia/Ho_Chi_Minh,05:30 AM,06:12 PM,02:46 PM,02:14 AM,Waxing Gibbous,81
2023-06-01,Ho Chi Minh City,,Vietnam,10.75,106.67,Asia/Ho_Chi_Minh,05:30 AM,06:12 PM,03:36 PM,02:53 AM,Waxing Gibbous,88
2023-06-02,Ho Chi Minh City,,Vietnam,10.75,106.67,Asia/Ho_Chi_Minh,05:30 AM,06:13 PM,04:30 PM,03:36 AM,Waxing Gibbous,94
2023-06-03,Ho Chi Minh City,,Vietnam,10.75,106.67,Asia/Ho_Chi_Minh,05:30 AM,06:13 PM,05:29 PM,04:22 AM,Waxing Gibbous,98
2023-06-04,Ho Chi Minh City,,Vietnam,10.75,106.67,Asia/Ho_Chi_Minh,05:30 AM,06:13 PM,06:31 PM,05:16 AM,Full Moon,100
2023-06-05,Ho Chi Minh City,,Vietnam,10.75,106.67,Asia/Ho_Chi_Minh,05:30 AM,06:13 PM,07:36 PM,06:15 AM,Waning Gibbous,99
2023-06-06,Ho Chi Minh City,,Vietnam,10.75,106.67,Asia/Ho_Chi_Minh,05:30 AM,06:14 PM,08:40 PM,07:19 AM,Waning Gibbous,95
2023-06-07,Ho Chi Minh City,,Vietnam,10.75,106.67,Asia/Ho_Chi_Minh,05:30 AM,06:14 PM,09:40 PM,08:25 AM,Waning Gibbous,89
2023-06-08,Ho Chi Minh City,,Vietnam,10.75,106.67,Asia/Ho_Chi_Minh,05:31 AM,06:14 PM,10:34 PM,09:29 AM,Waning Gibbous,80
2023-06-09,Ho Chi Minh City,,Vietnam,10.75,106.67,Asia/Ho_Chi_Minh,05:31 AM,06:14 PM,11:23 PM,10:29 AM,Waning Gibbous,70
2023-06-10,Ho Chi Minh City,,Vietnam,10.75,106.67,Asia/Ho_Chi_Minh,05:31 AM,06:15 PM,No moonrise,11:27 AM,Last Quarter,59
2023-06-11,Ho Chi Minh City,,Vietnam,10.75,106.67,Asia/Ho_Chi_Minh,05:31 AM,06:15 PM,12:07 AM,12:20 PM,Waning Crescent,48
2023-06-12,Ho Chi Minh City,,Vietnam,10.75,106.67,Asia/Ho_Chi_Minh,05:31 AM,06:15 PM,12:49 AM,01:12 PM,Waning Crescent,37
2023-06-13,Ho Chi Minh City,,Vietnam,10.75,106.67,Asia/Ho_Chi_Minh,05:31 AM,06:16 PM,01:30 AM,02:02 PM,Waning Crescent,27
2023-06-14,Ho Chi Minh City,,Vietnam,10.75,106.67,Asia/Ho_Chi_Minh,05:31 AM,06:16 PM,02:11 AM,02:54 PM,Waning Crescent,18
2023-06-15,Ho Chi Minh City,,Vietnam,10.75,106.67,Asia/Ho_Chi_Minh,05:32 AM,06:16 PM,02:54 AM,03:47 PM,Waning Crescent,10
2023-06-16,Ho Chi Minh City,,Vietnam,10.75,106.67,Asia/Ho_Chi_Minh,05:32 AM,06:16 PM,03:39 AM,04:41 PM,Waning Crescent,5
2023-06-17,Ho Chi Minh City,,Vietnam,10.75,106.67,Asia/Ho_Chi_Minh,05:32 AM,06:17 PM,04:27 AM,05:36 PM,Waning Crescent,2
2023-06-18,Ho Chi Minh City,,Vietnam,10.75,106.67,Asia/Ho_Chi_Minh,05:32 AM,06:17 PM,05:19 AM,06:31 PM,New Moon,0
2023-06-19,Ho Chi Minh City,,Vietnam,10.75,106.67,Asia/Ho_Chi_Minh,05:32 AM,06:17 PM,06:11 AM,07:24 PM,Waxing Crescent,1
2023-06-20,Ho Chi Minh City,,Vietnam,10.75,106.67,Asia/Ho_Chi_Minh,05:32 AM,06:17 PM,07:05 AM,08:14 PM,Waxing Crescent,3
2023-06-21,Ho Chi Minh City,,Vietnam,10.75,106.67,Asia/Ho_Chi_Minh,05:33 AM,06:17 PM,07:58 AM,09:00 PM,Waxing Crescent,8
2023-06-22,Ho Chi Minh City,,Vietnam,10.75,106.67,Asia/Ho_Chi_Minh,05:33 AM,06:18 PM,08:48 AM,09:43 PM,Waxing Crescent,13
2023-06-23,Ho Chi Minh City,,Vietnam,10.75,106.67,Asia/Ho_Chi_Minh,05:33 AM,06:18 PM,09:36 AM,10:22 PM,Waxing Crescent,20
2023-06-24,Ho Chi Minh City,,Vietnam,10.75,106.67,Asia/Ho_Chi_Minh,05:33 AM,06:18 PM,10:22 AM,10:59 PM,Waxing Crescent,28
2023-06-25,Ho Chi Minh City,,Vietnam,10.75,106.67,Asia/Ho_Chi_Minh,05:34 AM,06:18 PM,11:07 AM,11:35 PM,Waxing Crescent,37
2023-06-26,Ho Chi Minh City,,Vietnam,10.75,106.67,Asia/Ho_Chi_Minh,05:34 AM,06:18 PM,11:52 AM,No moonset,First Quarter,47
2023-06-27,Ho Chi Minh City,,Vietnam,10.75,106.67,Asia/Ho_Chi_Minh,05:34 AM,06:19 PM,12:37 PM,12:10 AM,Waxing Gibbous,57
2023-06-28,Ho Chi Minh City,,Vietnam,10.75,106.67,Asia/Ho_Chi_Minh,05:34 AM,06:19 PM,01:25 PM,12:47 AM,Waxing Gibbous,66
2023-06-29,Ho Chi Minh City,,Vietnam,10.75,106.67,Asia/Ho_Chi_Minh,05:35 AM,06:19 PM,02:16 PM,01:27 AM,Waxing Gibbous,76
2023-06-30,Ho Chi Minh City,,Vietnam,10.75,106.67,Asia/Ho_Chi_Minh,05:35 AM,06:19 PM,03:11 PM,02:11 AM,Waxing Gibbous,84
2023-07-01,Ho Chi Minh City,,Vietnam,10.75,106.67,Asia/Ho_Chi_Minh,05:35 AM,06:19 PM,04:12 PM,03:01 AM,Waxing Gibbous,92
2023-07-02,Ho Chi Minh City,,Vietnam,10.75,106.67,Asia/Ho_Chi_Minh,05:35 AM,06:19 PM,05:17 PM,03:57 AM,Waxing Gibbous,97
2023-07-03,Ho Chi Minh City,,Vietnam,10.75,106.67,Asia/Ho_Chi_Minh,05:36 AM,06:19 PM,06:22 PM,05:00 AM,Full Moon,100
2023-07-04,Ho Chi Minh City,,Vietnam,10.75,106.67,Asia/Ho_Chi_Minh,05:36 AM,06:20 PM,07:26 PM,06:06 AM,Waning Gibbous,99
2023-07-05,Ho Chi Minh City,,Vietnam,10.75,106.67,Asia/Ho_Chi_Minh,05:36 AM,06:20 PM,08:23 PM,07:14 AM,Waning Gibbous,96
2023-07-06,Ho Chi Minh City,,Vietnam,10.75,106.67,Asia/Ho_Chi_Minh,05:36 AM,06:20 PM,09:16 PM,08:18 AM,Waning Gibbous,91
2023-07-07,Ho Chi Minh City,,Vietnam,10.75,106.67,Asia/Ho_Chi_Minh,05:37 AM,06:20 PM,10:04 PM,09:18 AM,Waning Gibbous,83
2023-07-08,Ho Chi Minh City,,Vietnam,10.75,106.67,Asia/Ho_Chi_Minh,05:37 AM,06:20 PM,10:48 PM,10:14 AM,Waning Gibbous,73
2023-07-09,Ho Chi Minh City,,Vietnam,10.75,106.67,Asia/Ho_Chi_Minh,05:37 AM,06:20 PM,11:30 PM,11:08 AM,Waning Gibbous,62
2023-07-10,Ho Chi Minh City,,Vietnam,10.75,106.67,Asia/Ho_Chi_Minh,05:37 AM,06:20 PM,No moonrise,11:59 AM,Last Quarter,51
2023-07-11,Ho Chi Minh City,,Vietnam,10.75,106.67,Asia/Ho_Chi_Minh,05:38 AM,06:20 PM,12:11 AM,12:51 PM,Waning Crescent,40
2023-07-12,Ho Chi Minh City,,Vietnam,10.75,106.67,Asia/Ho_Chi_Minh,05:38 AM,06:20 PM,12:53 AM,01:43 PM,Waning Crescent,30
2023-07-13,Ho Chi Minh City,,Vietnam,10.75,106.67,Asia/Ho_Chi_Minh,05:38 AM,06:20 PM,01:37 AM,02:36 PM,Waning Crescent,21
2023-07-14,Ho Chi Minh City,,Vietnam,10.75,106.67,Asia/Ho_Chi_Minh,05:38 AM,06:20 PM,02:24 AM,03:31 PM,Waning Crescent,13
2023-07-15,Ho Chi Minh City,,Vietnam,10.75,106.67,Asia/Ho_Chi_Minh,05:39 AM,06:20 PM,03:14 AM,04:25 PM,Waning Crescent,7
2023-07-16,Ho Chi Minh City,,Vietnam,10.75,106.67,Asia/Ho_Chi_Minh,05:39 AM,06:20 PM,04:06 AM,05:19 PM,Waning Crescent,3
2023-07-17,Ho Chi Minh City,,Vietnam,10.75,106.67,Asia/Ho_Chi_Minh,05:39 AM,06:20 PM,04:59 AM,06:10 PM,New Moon,1
2023-07-18,Ho Chi Minh City,,Vietnam,10.75,106.67,Asia/Ho_Chi_Minh,05:39 AM,06:20 PM,05:52 AM,06:57 PM,Waxing Crescent,0
2023-07-19,Ho Chi Minh City,,Vietnam,10.75,106.67,Asia/Ho_Chi_Minh,05:40 AM,06:20 PM,06:43 AM,07:41 PM,Waxing Crescent,2
2023-07-20,Ho Chi Minh City,,Vietnam,10.75,106.67,Asia/Ho_Chi_Minh,05:40 AM,06:20 PM,07:32 AM,08:20 PM,Waxing Crescent,5
2023-07-21,Ho Chi Minh City,,Vietnam,10.75,106.67,Asia/Ho_Chi_Minh,05:40 AM,06:19 PM,08:18 AM,08:58 PM,Waxing Crescent,9
2023-07-22,Ho Chi Minh City,,Vietnam,10.75,106.67,Asia/Ho_Chi_Minh,05:40 AM,06:19 PM,09:04 AM,09:34 PM,Waxing Crescent,15
2023-07-23,Ho Chi Minh City,,Vietnam,10.75,106.67,Asia/Ho_Chi_Minh,05:40 AM,06:19 PM,09:48 AM,10:09 PM,Waxing Crescent,23
2023-07-24,Ho Chi Minh City,,Vietnam,10.75,106.67,Asia/Ho_Chi_Minh,05:41 AM,06:19 PM,10:32 AM,10:44 PM,Waxing Crescent,31
2023-07-25,Ho Chi Minh City,,Vietnam,10.75,106.67,Asia/Ho_Chi_Minh,05:41 AM,06:19 PM,11:18 AM,11:22 PM,First Quarter,41
2023-07-26,Ho Chi Minh City,,Vietnam,10.75,106.67,Asia/Ho_Chi_Minh,05:41 AM,06:19 PM,12:06 PM,No moonset,Waxing Gibbous,51
2023-07-27,Ho Chi Minh City,,Vietnam,10.75,106.67,Asia/Ho_Chi_Minh,05:41 AM,06:18 PM,12:58 PM,12:03 AM,Waxing Gibbous,61
2023-07-28,Ho Chi Minh City,,Vietnam,10.75,106.67,Asia/Ho_Chi_Minh,05:41 AM,06:18 PM,01:55 PM,12:49 AM,Waxing Gibbous,71
2023-07-29,Ho Chi Minh City,,Vietnam,10.75,106.67,Asia/Ho_Chi_Minh,05:42 AM,06:18 PM,02:56 PM,01:41 AM,Waxing Gibbous,81
2023-07-30,Ho Chi Minh City,,Vietnam,10.75,106.67,Asia/Ho_Chi_Minh,05:42 AM,06:18 PM,04:01 PM,02:39 AM,Waxing Gibbous,89
2023-07-31,Ho Chi Minh City,,Vietnam,10.75,106.67,Asia/Ho_Chi_Minh,05:42 AM,06:18 PM,05:05 PM,03:44 AM,Waxing Gibbous,95
2023-08-01,Ho Chi Minh City,,Vietnam,10.75,106.67,Asia/Ho_Chi_Minh,05:42 AM,06:17 PM,06:07 PM,04:51 AM,Full Moon,99
2023-08-02,Ho Chi Minh City,,Vietnam,10.75,106.67,Asia/Ho_Chi_Minh,05:42 AM,06:17 PM,07:03 PM,05:58 AM,Waning Gibbous,100
2023-08-03,Ho Chi Minh City,,Vietnam,10.75,106.67,Asia/Ho_Chi_Minh,05:42 AM,06:17 PM,07:54 PM,07:02 AM,Waning Gibbous,98
2023-08-04,Ho Chi Minh City,,Vietnam,10.75,106.67,Asia/Ho_Chi_Minh,05:43 AM,06:16 PM,08:41 PM,08:01 AM,Waning Gibbous,92
2023-08-05,Ho Chi Minh City,,Vietnam,10.75,106.67,Asia/Ho_Chi_Minh,05:43 AM,06:16 PM,09:25 PM,08:58 AM,Waning Gibbous,85
2023-08-06,Ho Chi Minh City,,Vietnam,10.75,106.67,Asia/Ho_Chi_Minh,05:43 AM,06:16 PM,10:08 PM,09:52 AM,Waning Gibbous,76
2023-08-07,Ho Chi Minh City,,Vietnam,10.75,106.67,Asia/Ho_Chi_Minh,05:43 AM,06:15 PM,10:51 PM,10:45 AM,Waning Gibbous,65
2023-08-08,Ho Chi Minh City,,Vietnam,10.75,106.67,Asia/Ho_Chi_Minh,05:43 AM,06:15 PM,11:35 PM,11:39 AM,Last Quarter,55
2023-08-09,Ho Chi Minh City,,Vietnam,10.75,106.67,Asia/Ho_Chi_Minh,05:43 AM,06:15 PM,No moonrise,12:32 PM,Waning Crescent,44
2023-08-10,Ho Chi Minh City,,Vietnam,10.75,106.67,Asia/Ho_Chi_Minh,05:43 AM,06:14 PM,12:21 AM,01:27 PM,Waning Crescent,34
2023-08-11,Ho Chi Minh City,,Vietnam,10.75,106.67,Asia/Ho_Chi_Minh,05:43 AM,06:14 PM,01:11 AM,02:21 PM,Waning Crescent,25
2023-08-12,Ho Chi Minh City,,Vietnam,10.75,106.67,Asia/Ho_Chi_Minh,05:44 AM,06:13 PM,02:02 AM,03:15 PM,Waning Crescent,17
2023-08-13,Ho Chi Minh City,,Vietnam,10.75,106.67,Asia/Ho_Chi_Minh,05:44 AM,06:13 PM,02:55 AM,04:07 PM,Waning Crescent,10
2023-08-14,Ho Chi Minh City,,Vietnam,10.75,106.67,Asia/Ho_Chi_Minh,05:44 AM,06:13 PM,03:48 AM,04:55 PM,Waning Crescent,5
2023-08-15,Ho Chi Minh City,,Vietnam,10.75,106.67,Asia/Ho_Chi_Minh,05:44 AM,06:12 PM,04:39 AM,05:40 PM,Waning Crescent,2
2023-08-16,Ho Chi Minh City,,Vietnam,10.75,106.67,Asia/Ho_Chi_Minh,05:44 AM,06:12 PM,05:29 AM,06:20 PM,New Moon,0
2023-08-17,Ho Chi Minh City,,Vietnam,10.75,106.67,Asia/Ho_Chi_Minh,05:44 AM,06:11 PM,06:16 AM,06:58 PM,Waxing Crescent,0
2023-08-18,Ho Chi Minh City,,Vietnam,10.75,106.67,Asia/Ho_Chi_Minh,05:44 AM,06:11 PM,07:02 AM,07:35 PM,Waxing Crescent,2
2023-08-19,Ho Chi Minh City,,Vietnam,10.75,106.67,Asia/Ho_Chi_Minh,05:44 AM,06:10 PM,07:46 AM,08:09 PM,Waxing Crescent,6
2023-08-20,Ho Chi Minh City,,Vietnam,10.75,106.67,Asia/Ho_Chi_Minh,05:44 AM,06:10 PM,08:30 AM,08:44 PM,Waxing Crescent,11
2023-08-21,Ho Chi Minh City,,Vietnam,10.75,106.67,Asia/Ho_Chi_Minh,05:44 AM,06:09 PM,09:15 AM,09:21 PM,Waxing Crescent,18
2023-08-22,Ho Chi Minh City,,Vietnam,10.75,106.67,Asia/Ho_Chi_Minh,05:44 AM,06:09 PM,10:01 AM,10:00 PM,Waxing Crescent,26
2023-08-23,Ho Chi Minh City,,Vietnam,10.75,106.67,Asia/Ho_Chi_Minh,05:44 AM,06:08 PM,10:50 AM,10:42 PM,Waxing Crescent,36
2023-08-24,Ho Chi Minh City,,Vietnam,10.75,106.67,Asia/Ho_Chi_Minh,05:44 AM,06:08 PM,11:44 AM,11:31 PM,First Quarter,46
2023-08-25,Ho Chi Minh City,,Vietnam,10.75,106.67,Asia/Ho_Chi_Minh,05:44 AM,06:07 PM,12:42 PM,No moonset,Waxing Gibbous,56
2023-08-26,Ho Chi Minh City,,Vietnam,10.75,106.67,Asia/Ho_Chi_Minh,05:44 AM,06:07 PM,01:43 PM,12:24 AM,Waxing Gibbous,67
2023-08-27,Ho Chi Minh City,,Vietnam,10.75,106.67,Asia/Ho_Chi_Minh,05:44 AM,06:06 PM,02:46 PM,01:25 AM,Waxing Gibbous,77
2023-08-28,Ho Chi Minh City,,Vietnam,10.75,106.67,Asia/Ho_Chi_Minh,05:44 AM,06:05 PM,03:48 PM,02:29 AM,Waxing Gibbous,86
2023-08-29,Ho Chi Minh City,,Vietnam,10.75,106.67,Asia/Ho_Chi_Minh,05:44 AM,06:05 PM,04:46 PM,03:36 AM,Waxing Gibbous,93
2023-08-30,Ho Chi Minh City,,Vietnam,10.75,106.67,Asia/Ho_Chi_Minh,05:44 AM,06:04 PM,05:40 PM,04:40 AM,Full Moon,98
2023-08-31,Ho Chi Minh City,,Vietnam,10.75,106.67,Asia/Ho_Chi_Minh,05:44 AM,06:04 PM,06:29 PM,05:43 AM,Waning Gibbous,100
2023-09-01,Ho Chi Minh City,,Vietnam,10.75,106.67,Asia/Ho_Chi_Minh,05:44 AM,06:03 PM,07:15 PM,06:41 AM,Waning Gibbous,99
2023-09-02,Ho Chi Minh City,,Vietnam,10.75,106.67,Asia/Ho_Chi_Minh,05:44 AM,06:03 PM,07:59 PM,07:38 AM,Waning Gibbous,94
2023-09-03,Ho Chi Minh City,,Vietnam,10.75,106.67,Asia/Ho_Chi_Minh,05:44 AM,06:02 PM,08:43 PM,08:33 AM,Waning Gibbous,88
2023-09-04,Ho Chi Minh City,,Vietnam,10.75,106.67,Asia/Ho_Chi_Minh,05:44 AM,06:01 PM,09:29 PM,09:29 AM,Waning Gibbous,79
2023-09-05,Ho Chi Minh City,,Vietnam,10.75,106.67,Asia/Ho_Chi_Minh,05:44 AM,06:01 PM,10:16 PM,10:23 AM,Waning Gibbous,70
2023-09-06,Ho Chi Minh City,,Vietnam,10.75,106.67,Asia/Ho_Chi_Minh,05:44 AM,06:00 PM,11:05 PM,11:20 AM,Last Quarter,60
2023-09-07,Ho Chi Minh City,,Vietnam,10.75,106.67,Asia/Ho_Chi_Minh,05:44 AM,06:00 PM,11:57 PM,12:15 PM,Waning Crescent,49
2023-09-08,Ho Chi Minh City,,Vietnam,10.75,106.67,Asia/Ho_Chi_Minh,05:44 AM,05:59 PM,No moonrise,01:11 PM,Waning Crescent,39
2023-09-09,Ho Chi Minh City,,Vietnam,10.75,106.67,Asia/Ho_Chi_Minh,05:44 AM,05:58 PM,12:50 AM,02:03 PM,Waning Crescent,30
2023-09-10,Ho Chi Minh City,,Vietnam,10.75,106.67,Asia/Ho_Chi_Minh,05:44 AM,05:58 PM,01:43 AM,02:52 PM,Waning Crescent,22
2023-09-11,Ho Chi Minh City,,Vietnam,10.75,106.67,Asia/Ho_Chi_Minh,05:43 AM,05:57 PM,02:35 AM,03:38 PM,Waning Crescent,14
2023-09-12,Ho Chi Minh City,,Vietnam,10.75,106.67,Asia/Ho_Chi_Minh,05:43 AM,05:56 PM,03:26 AM,04:20 PM,Waning Crescent,8
2023-09-13,Ho Chi Minh City,,Vietnam,10.75,106.67,Asia/Ho_Chi_Minh,05:43 AM,05:56 PM,04:13 AM,04:59 PM,Waning Crescent,4
2023-09-14,Ho Chi Minh City,,Vietnam,10.75,106.67,Asia/Ho_Chi_Minh,05:43 AM,05:55 PM,05:00 AM,05:36 PM,New Moon,1
2023-09-15,Ho Chi Minh City,,Vietnam,10.75,106.67,Asia/Ho_Chi_Minh,05:43 AM,05:54 PM,05:44 AM,06:11 PM,Waxing Crescent,0
2023-09-16,Ho Chi Minh City,,Vietnam,10.75,106.67,Asia/Ho_Chi_Minh,05:43 AM,05:54 PM,06:28 AM,06:46 PM,Waxing Crescent,1
2023-09-17,Ho Chi Minh City,,Vietnam,10.75,106.67,Asia/Ho_Chi_Minh,05:43 AM,05:53 PM,07:13 AM,07:22 PM,Waxing Crescent,3
2023-09-18,Ho Chi Minh City,,Vietnam,10.75,106.67,Asia/Ho_Chi_Minh,05:43 AM,05:53 PM,07:59 AM,08:00 PM,Waxing Crescent,8
2023-09-19,Ho Chi Minh City,,Vietnam,10.75,106.67,Asia/Ho_Chi_Minh,05:43 AM,05:52 PM,08:47 AM,08:41 PM,Waxing Crescent,14
2023-09-20,Ho Chi Minh City,,Vietnam,10.75,106.67,Asia/Ho_Chi_Minh,05:43 AM,05:51 PM,09:39 AM,09:27 PM,Waxing Crescent,22
2023-09-21,Ho Chi Minh City,,Vietnam,10.75,106.67,Asia/Ho_Chi_Minh,05:43 AM,05:51 PM,10:34 AM,10:17 PM,Waxing Crescent,31
2023-09-22,Ho Chi Minh City,,Vietnam,10.75,106.67,Asia/Ho_Chi_Minh,05:43 AM,05:50 PM,11:34 AM,11:14 PM,First Quarter,41
2023-09-23,Ho Chi Minh City,,Vietnam,10.75,106.67,Asia/Ho_Chi_Minh,05:43 AM,05:49 PM,12:34 PM,No moonset,Waxing Gibbous,52
2023-09-24,Ho Chi Minh City,,Vietnam,10.75,106.67,Asia/Ho_Chi_Minh,05:43 AM,05:49 PM,01:35 PM,12:15 AM,Waxing Gibbous,63
2023-09-25,Ho Chi Minh City,,Vietnam,10.75,106.67,Asia/Ho_Chi_Minh,05:43 AM,05:48 PM,02:32 PM,01:19 AM,Waxing Gibbous,74
2023-09-26,Ho Chi Minh City,,Vietnam,10.75,106.67,Asia/Ho_Chi_Minh,05:43 AM,05:47 PM,03:26 PM,02:22 AM,Waxing Gibbous,84
2023-09-27,Ho Chi Minh City,,Vietnam,10.75,106.67,Asia/Ho_Chi_Minh,05:43 AM,05:47 PM,04:16 PM,03:24 AM,Waxing Gibbous,91
2023-09-28,Ho Chi Minh City,,Vietnam,10.75,106.67,Asia/Ho_Chi_Minh,05:43 AM,05:46 PM,05:03 PM,04:23 AM,Waxing Gibbous,97
2023-09-29,Ho Chi Minh City,,Vietnam,10.75,106.67,Asia/Ho_Chi_Minh,05:42 AM,05:46 PM,05:48 PM,05:20 AM,Full Moon,100
2023-09-30,Ho Chi Minh City,,Vietnam,10.75,106.67,Asia/Ho_Chi_Minh,05:42 AM,05:45 PM,06:32 PM,06:16 AM,Waning Gibbous,99
2023-10-01,Ho Chi Minh City,,Vietnam,10.75,106.67,Asia/Ho_Chi_Minh,05:42 AM,05:44 PM,07:18 PM,07:12 AM,Waning Gibbous,96
2023-10-02,Ho Chi Minh City,,Vietnam,10.75,106.67,Asia/Ho_Chi_Minh,05:42 AM,05:44 PM,08:05 PM,08:09 AM,Waning Gibbous,91
2023-10-03,Ho Chi Minh City,,Vietnam,10.75,106.67,Asia/Ho_Chi_Minh,05:42 AM,05:43 PM,08:55 PM,09:06 AM,Waning Gibbous,84
2023-10-04,Ho Chi Minh City,,Vietnam,10.75,106.67,Asia/Ho_Chi_Minh,05:42 AM,05:43 PM,09:48 PM,10:04 AM,Waning Gibbous,75
2023-10-05,Ho Chi Minh City,,Vietnam,10.75,106.67,Asia/Ho_Chi_Minh,05:42 AM,05:42 PM,10:41 PM,11:01 AM,Waning Gibbous,65
2023-10-06,Ho Chi Minh City,,Vietnam,10.75,106.67,Asia/Ho_Chi_Minh,05:42 AM,05:41 PM,11:36 PM,11:56 AM,Last Quarter,56
2023-10-07,Ho Chi Minh City,,Vietnam,10.75,106.67,Asia/Ho_Chi_Minh,05:42 AM,05:41 PM,No moonrise,12:47 PM,Waning Crescent,46
2023-10-08,Ho Chi Minh City,,Vietnam,10.75,106.67,Asia/Ho_Chi_Minh,05:42 AM,05:40 PM,12:29 AM,01:35 PM,Waning Crescent,36
2023-10-09,Ho Chi Minh City,,Vietnam,10.75,106.67,Asia/Ho_Chi_Minh,05:42 AM,05:40 PM,01:20 AM,02:18 PM,Waning Crescent,28
2023-10-10,Ho Chi Minh City,,Vietnam,10.75,106.67,Asia/Ho_Chi_Minh,05:42 AM,05:39 PM,02:09 AM,02:58 PM,Waning Crescent,20
2023-10-11,Ho Chi Minh City,,Vietnam,10.75,106.67,Asia/Ho_Chi_Minh,05:42 AM,05:38 PM,02:56 AM,03:35 PM,Waning Crescent,13
2023-10-12,Ho Chi Minh City,,Vietnam,10.75,106.67,Asia/Ho_Chi_Minh,05:42 AM,05:38 PM,03:41 AM,04:11 PM,Waning Crescent,7
2023-10-13,Ho Chi Minh City,,Vietnam,10.75,106.67,Asia/Ho_Chi_Minh,05:42 AM,05:37 PM,04:25 AM,04:46 PM,Waning Crescent,3
2023-10-14,Ho Chi Minh City,,Vietnam,10.75,106.67,Asia/Ho_Chi_Minh,05:42 AM,05:37 PM,05:10 AM,05:22 PM,New Moon,1
2023-10-15,Ho Chi Minh City,,Vietnam,10.75,106.67,Asia/Ho_Chi_Minh,05:42 AM,05:36 PM,05:56 AM,06:00 PM,Waxing Crescent,0
2023-10-16,Ho Chi Minh City,,Vietnam,10.75,106.67,Asia/Ho_Chi_Minh,05:43 AM,05:36 PM,06:44 AM,06:40 PM,Waxing Crescent,2
2023-10-17,Ho Chi Minh City,,Vietnam,10.75,106.67,Asia/Ho_Chi_Minh,05:43 AM,05:35 PM,07:36 AM,07:25 PM,Waxing Crescent,5
